market_regime,event_count,lstm_accuracy,lstm_error_rate,trans_accuracy,trans_error_rate,delta_accuracy,both_failed_rate,robustness_advantage
HIGH_LIQUIDITY,60,0.4667,0.5333,0.55,0.45,0.0833,0.3833,TRANSFORMER_SUPERIOR
HIGH_VOLATILITY,46,0.5652,0.4348,0.5652,0.4348,0.0,0.3913,COMPARABLE
LOW_LIQUIDITY,102,0.6667,0.3333,0.6176,0.3824,-0.049,0.2353,LSTM_SUPERIOR
NORMAL,880,0.6102,0.3898,0.5886,0.4114,-0.0216,0.283,LSTM_SUPERIOR
ORDER_FLOW_SHOCK,46,0.6304,0.3696,0.6522,0.3478,0.0217,0.2826,TRANSFORMER_SUPERIOR
PRICE_REVERSAL,193,0.8653,0.1347,0.8342,0.1658,-0.0311,0.1192,LSTM_SUPERIOR
SPREAD_EXPANSION,22,1.0,0.0,1.0,0.0,0.0,0.0,COMPARABLE
STRONG_DOWNTREND,37,0.6216,0.3784,0.6486,0.3514,0.027,0.2432,TRANSFORMER_SUPERIOR
STRONG_UPTREND,57,0.5614,0.4386,0.4737,0.5263,-0.0877,0.4386,LSTM_SUPERIOR
